{
  "threshold": 0.8529139740892508,
  "roc_auc": 0.790744591127674,
  "pr_auc": 0.21322736303900586,
  "confusion_matrix": [
    [
      47187,
      962
    ],
    [
      1368,
      483
    ]
  ],
  "report": "              precision    recall  f1-score   support\n\n           0     0.9718    0.9800    0.9759     48149\n           1     0.3343    0.2609    0.2931      1851\n\n    accuracy                         0.9534     50000\n   macro avg     0.6530    0.6205    0.6345     50000\nweighted avg     0.9482    0.9534    0.9506     50000\n"
}