{
  "threshold": 0.6395578384399414,
  "roc_auc": 0.7610494027526811,
  "pr_auc": 0.1911978208473402,
  "confusion_matrix": [
    [
      46501,
      1648
    ],
    [
      1344,
      507
    ]
  ],
  "report": "              precision    recall  f1-score   support\n\n           0     0.9719    0.9658    0.9688     48149\n           1     0.2353    0.2739    0.2531      1851\n\n    accuracy                         0.9402     50000\n   macro avg     0.6036    0.6198    0.6110     50000\nweighted avg     0.9446    0.9402    0.9423     50000\n"
}